content,label
"Asyik,ada karakter baru aku suka deh Yang punya Wanderer tuh beruntung banget ;â ) Aku suka banget sama gamenya Cukup menarik hampir satu keluarga main ini game karena petualangan dan banyak misteri bikin penasaran",Positif
"Gamenya bagus,grafik,gameplay,voice,karakter yang unik semua nya bagus pokoknya,kurang nya adalah event nya yang sangat jarang sekali muncul dan juga size game nya yang sangat besar sekitar 20GB agak kurang cocok untuk penguna baru, sekian ulasan saya dan terima kasih",Positif
"Bagus, gamenya keren dan menarik apalagi alur cerita di setiap karakternya. Aku kasih bintang 4 dlu soalnya nih game kenapa kadang suka keluar sendiri, trs pas aku jalanin quest archon itu kok loadingnya lama dan itu gk munculÂ² gtu gambarnya. Jadi ya gitu segini dluğŸ™",Positif
"Game yang menyenangkan dan tidak memaksakan penggunaan uang dalam permainan. tapi ada satu masalah yang sangat penting, yaitu device yang tidak support untuk bermain genshin impact dan itu cukup mengganggu",Positif
Gamenya sangat bagus. Tapi untuk masalah jaringan mungkin bisa lebih dioptimalkan lagi karena pas saya main sering ping merah. Dan selebihnya sudah bagus. ğŸ‘,Positif
"Dari segi grafik dan alur cerita emang top dah, cuma terlalu berat untuk device. Tapi ya itu juga bergantung terhadap device yang dimiliki, jika size-nya tidak besar mungkin grafiknya seperti game game yang lain",Positif
"Salah satu game terbagus yang pernah kumainkan. Tapi susah banget buat dapet artefak yang dibutuhkan. Kalau dapet juga, sub-stats yang ter-upgrade malah beda dari yang dibutuhkan. Jadi sia-sia Mora aja...",Positif
"Game yg rekomendasi bagi yg suka pertualangan yg sangat panjang, intinya harus kuat2 memori ğŸ˜…",Positif
"Koq bisa ada game kayak giniğŸ˜­ğŸ˜­ğŸ˜­. Terlalu bagus untuk game doang, story sama grafik nya ngena banget",Positif
"Saya suka dengan game ini. Saran saya: tolong ketika saya pindah ke server lainya, saya tidak ulang dari awal lagi, karena sangat memakan waktu jika ingin lebih baik dari server yang sebelumnya. Itu saja saran dari saya, Terima kasih",Positif
"Dari sekian seluruhnya sudah sangat bagus mulai dari skill efek nya, ceritanya, grafik nya sangat memuaskan, cuman ada kekurangan nya di bagian ini, untuk kedepannya tolong tambahkan karakter dan outfit outfit tertentu seperti di game honkai impact 3 pasti sangat bagus dan peluang player nya pasti sangat suka sekali, hanya itu saran saya terimakasih ğŸ™",Positif
Tolong optimalkan untuk versi android...!!! Grafik terendah masih sering ngelag...!!!,Positif
"Game nya bagus, buat kalian yang bilang pas login eror/download data gabisa padahal ruang penyimpanan masih banyak, itu kalian cek dulu yang masih banyak itu ROM/RAM yang dibutuhkan itu 20gb ROM keatas. Klo hapus epep doang mana cukup. Epep cuma 5 GB an. Dan buat kalian yang hina gameÂ² berat karena hp kalian, sorry agak kasar ""kentang"", emang kalian bisa buat game kayak gini juga?. Kalo bisa sih gapapa kritik sepuasnya, tapi kalo gabisa jangan kritik. Harusnya hanya di kasih saran aja. Ok thanks",Positif
"Apkny bagus tapi pas masuk harus bersihin data dan sy gk tau caranya nanganin ny gimana ini? Dan saya suka grafiknya dan karakter nya bagus"" Tapi kenapa saat masuk harus bersihin data dan saya sudah main game ini dari tahun lalu saat ganti HP susah ingin login lagi karena data yang harus di bersihinğŸ¥º",Negatif
"Game nya udah bagus overall, dari grafik sudah memadai, backsound juga sudah bagus disaat momen yg tepat, tapi masalah nya koq lama kelamaan ini game bikin ngelag dan nguras baterai yg sangat banyak. Baru di mainin 10 menit, grafik sudah low walaupun hp ku ini sudah cukup melewati rata rata spek yg disarankan, hp ku baru main 10 menit dari baterai nya 100% jadi 78%, terus bikin panas, dan panas itu membuat hp ku ini semakin ngelag... Untuk developer tolong gamenya di kompres lebih ringan mb nya",Positif
"udh lama mainnya. dan aku pensi juga. tetapi, setelah mencoba lg, ternyata masih seru banget. aku suka banget karakter2 yg d sajikan sama story2 yg ada. klau musuhnya, aku kira gk terlalu sulit d kalahkan, tapi aku suka d bagian karakter2nya.. aku kangen sama karakter yg da di game ini makanya aku memainkan game ni lagi.. semoga kedepannya, primonya bisa dikasih lebih banyak lagi lah.. biar dapat banyak karakter juga.. ğŸ˜",Positif
Sangat sulit untuk mendapatkan karakter yang baik dengan kemampuan yang baik..harus topup dulu supaya bisa cepat.,Positif
Ping / jaringannya benerin min. Player terkendala di masalah itu. Jambred mulu.,Negatif
"Sejak update 2.4 jadi banyak bugnya, hp musuh yg ga ngurang ngurang, material musuh yg drop nya lama, apalagi buka chest tapi material dropnya loding ga keambil ambil, tolong baikin",Positif
Bagus juga gamenya. Tolong tambah juga kapasitas resinnya jadi 200 dan refreshnya 5 menit. Terimakasih,Positif
"Game udah bagus, ndd masalah jaringan juga mantap. Oh iya untuk yg suka keluar sendiri atau kandas di loading coba cek peforma HP kalian jangan di paksa klau emang gak mampu... ğŸ˜",Positif
"Gamenya bagus cuma saat masuk domain reminiscent drift kyk error gitu gk bisa di apa-apa kan, jdi mohon di perbaikiğŸ™ğŸ™",Positif
"yang saya harapkan dari game ini di update selanjutnya hanya satu, karakter baru dengan nuansa baru dan terkesan tidak daur ulang dari karakter sebelumnya terimakasih",Positif
"Gak bisa berkata kata dah.ini gme lengkap banget mulai dengan grafiknya yang wow,alur cerita yang bagus dan menarik,karakter yang cantik dan tamfan pokoknya banyak yang bagus dari game ini.ya tapi saya sarankan tidak mendonload game ini di hape yang kentang kayak gw dulu panas banget sumpah padahal baru main ğŸ˜­ğŸ—¿",Positif
Game open world yg paling keren.. Sampai saat ini masih tetap game genshin impact yang paling sering saya main kan di mobile... Semoga performa dari server selalu baik dan kesalahan bug bisa ter minimalisir .. terimakasih,Positif
"Game play menarik, grafis bagus, untuk alur cerita kurang begitu sy perhatikan... Hanya saja untuk mendapatkan karakter kalo tidak beli game currency membutuhkan waktu sangat lama dan game currency harganya cukup mahal.",Positif
"Bagusss bangett ni game trs open world bgt, gk sabar bgt nunggu map fontaine rilis, yg komplain loadingnya lama atau suka lag ya itu tergantung device HP sih ğŸ—¿",Positif
"gamenya si seru ,apalagi grafiknya udh bagus tp menurut saya lebih bagus jika ada bisa multiplayer dengan orang lain ,untuk di game memang sudah ada multiplayer tetapi perlu memerlukan UID terlebih dahalu ,lebih baik jika ada tempat dimana bisa mendapat teman di dalam game dan sediakan fitur on mic/chat disaat sedang bermain dengan orang lain/mabar,segitu aja si semoga bisa secepatnya diadakan pasti bnyk orng yg menunggu.skian mksih",Positif
"Game seru, size dan konten yang dihadirkan sangat memuaskan, berbagai quest yang disediakan sangat membuat game ini menyengangkan, ditambah map yang luas dan dapat dijelajahi menjadikan tujuan utama saya bermain game ini",Positif
"Overall game ini keren bgt, komplit perfect pokoknya, minusnya cuma di ping dan gatau kenapa suka keluar sendiri, blum lagi kan loading di intronya kan lama, jadi males buka laginya, semoga bisa diperbaiki ya! Makasi banyak developer",Positif
"Bagus banget!!! Dari grafik nya, alur cerita, sampai ke character nya tuh keren semuaaa!!,, walau kadang ngelag dikit tp gpp aku tetap suka,, dan walau game terberat didunia aku ga peduli yang penting aku bisa mainin ni game!!...Hahah bahkan aku mempunyai husbu di game iniğŸ˜‚ğŸ˜‚",Positif
"Game nya bagus grafiknya juga bagus ditambah map yang luas dengan ost yang mengesankan. Tapi saran untuk translator ID untuk lebih profesional dalam menerjemahkan teks dialog, bahasa Indonesia yang tidak baku terkadang agak terasa mengganggu. Terimakasih",Positif
So far so good.. Walau belum dpt *5 tetep cakep.. (Edit) Tetap setia diera gempuran game lain ğŸ¥° Puji Tuhan Karakter *5 nya dikasih sama sign nya,Positif
"Game nya bagus, tapi kenapa sering banget ngelag padahal jaringan saya bagus, kalo ngelag pas lagi santai sih gpp tapi kadang suka kesel kalo lagi quest/fight trs lag suka ulang dari awal lagi, jadi mohon di perbaikiğŸ˜ğŸ™",Positif
"Game mobile tapi berat untuk smartphone kelas menengah, masa harus pakai pc, tolong perbaiki dari segi engine graphic agar bisa nyaman di mainkan di mobile smartphone, game ini seru soalnya. Terimakasih",Positif
"Game ini bagi gw hampir sempurna, karena game ini sudah memenuhi kriteria2 game mobile yg gw cari2 selama ini. Visual game yg bgus, game nya yg open world, byk waifu2 yg cantik, setiap update rilis char yg menarik, mekanik game yg ngga ada di game lain, event2 yg unik di setiap update nya, dan msh banyak lgi. Kekurangan nih game adalah nguli selama mungkin tpi mendapatkan Primo yg dikit (bagi f2p), dan full resin yg batas nya sampai 160 (bagi gw msh kurang), boss seperti dvalin cuma ada di awal.",Positif
"Game nya sih bagus pakai banget Tpi enah hp gw yg masih kentang atau bug, saya klo main rata kanan kadang statering 1-2 detik ,tpi fps nya kisaran 40-55fpsğŸ—¿",Positif
"Tentang game ini bagus sekali, dari grafik, karakter, dan Skill nya juga, tapi sayang nya ada bug yaitu ketika saya masuk ke pintu rahasia polisi setelah bertemu dengan yoimiya, itu gelap terus dan terulang terus jadi mohon di perbaiki, dan yah gk bisa main :)",Positif
"Kelebihan 1. Grafik yang memuaskan. 2. Karakternya mantepÂ². 3. Enak buat healing. 4. Control yang mudah dipahami. 5. Cocok buat anda yang ingin bermain game open world. Kekurangan 1. Untuk mendapatkan karakter bintang 5 di permohonan terlalu kecil buat player baru dan f2p. 2. Ping server selalu kuning dan merah. Yahh itu saja ulasanku untuk game Genshin impact ini, ã©ã†ã‚‚ã‚ã‚ŠãŒã¨ã†ã”ã–ã„ã¾ã™ã€‚bye bye",Positif
"Semua sudah oke, hanya pencarian artifact/up lvl character dan senjata sulit, dan terbatasnya original resin yg membuat pencarian artifact atau lainnya jadi lama, dna kalau tidak dinaikkan lvl character dan senjata atau tidak ada artifact yg cocok, eksplorasi jd sangat sulit",Positif
"Mohon kepada hoyoverse, saya memiliki keluhan terhadap game genshin impact. Mohon perbaiki game genshin impact. Ketika saya memainkannya tiba-tiba keluar tanpa sebab dan itu membuat saya marah. Tolong ya kepada pihak hoyoverse untuk memperbaikinya.",Positif
Seru banget grafiknya ok bgt sih... Klo di hp2 tertentu mungkin ngelag ya tapi klo aku jujur enggak ini udh bagus bgt!,Positif
"Gamenya bagus seru tapi memorinya rada gede untuk hp ram 4 kebawah jadi rada susah buat main dengan peforma penuh jadi aku main hapus instal mulu, kadang pengen main lagi tapi hp ku kentang :vğŸ˜…",Positif
"Gamenya lumayan bagus,cuman kekurangannya itu model 3D dari suatu item itu gak ada,jadi kalau npc ngasih sesuatu kayak berkesan seperti ke detail kurang tepat aja,masa ngasih barang gaada visualnya? Memang sih dari segi grafik game ini lumayan bagus,cuman datanya gede tapi gak termasuk dengan visual/model dari suatu item yang ada,kalau sedetail itu lumayan bagus,karakternya design dan detailnya udah bagus,cuma model dari item doang yang kagak ada dan bikin gamenya terkesan tidak sempurna sekian.",Positif
"gajelas, update versi skrg (3.6) udh verifikasi data malah minta ngunduh 3gb lagi, maunya apaan anjr, udh relogÂ² juga ttp gabisa. Padahal duluÂ² waktu update versiÂ² sebelumnya g ada tuh problem kayak gini, tolong dong ini kenapaaaaaaa ğŸ˜”ğŸ˜”",Negatif
"Bagi saya ini game bagus, apalagi kalau ditambah map baru yang bertema kerajaan yang sangat besar dan ada story misi dari kerajaan itu akan membuat game ini semakin luarbiasa,dan apabila ditambah lagi map baru yang bertemakan wilayah raja iblis beserta kastil kastilnya dan ada misi untuk mengalahkan raja iblis maka itu akan membuat game ini luar biasa bagusnya..",Positif
"Game yg keren... Game ini tidak perlu memainkan waktu yg bnyk.. Bisa memainkanya kapan saja itu menyenangkan tanpa takut tertinggal dengan player lain... Misi harian yg simple, even even yg mudah, tidak perlu waktu bnyk mengejarkan semuanya, bebas mainkan, semua bisa dimainkan solo mau tim dengan ckp gampang.. Sangat bagus bisa walau sdh berkeluarga.. Ckp main sangai, eksplore, nikmati pemandangan.. Udh itu aja.. Tidak ada yg perlu dilakukan berlebihan hnya untuk meningkatkan power..",Positif
"Dear hoyoverse, Sehabis update patch 3.5 ini, Ping semakin kurang stabil, cukup mengganggu player bermain terutama untuk switching character nya karena mengalami delay yg sangat mengganggu saat bermain, mau melakukan rotasiÂ² tim jdi cukup memakan waktu dan hasilnya malah mengganggu performa bermain Tolong segera di fix masalah ini, terimakasih.. Traveler",Negatif
Dah download lama 22gb lebih tapi pas pgn main g masuk2 buang2 waktu sama data doang gini mah kalo g bisa Krn hp nya kentang aturan dari awal bilang perangkat ini tidak mendukung coba sok kalo kyk gini gimana? Bisa di refund g kuota nya sama waktu? lol,Negatif
"Bagus game nya seru banyak petualangan menarik, grafik apalagi.. Cuman sedikit kesal selalu loading lag saat main. Padahal sinyal bagus. Tolong perbaiki, yg lain udah oke bagus..",Positif
"Ukuran file sampai 25 gb, ukuran file akan terus bertambah disaat update, Mohon di perkecil ukuran filenya,,",Positif
"Ngga bisa buka apknya, crash mulu...padahal sebelum update aman-aman aja",Negatif
"Ukuran 21,16gb, gw Snapdragon 665 masih bisa di grafik rata kiri kalo mau lancar jaya, kalo di paksa ke medium bisa"" aja cuma ga bisa lama"" paling 30menit, untuk gameplay ga mengharuskan py b5, karakter b4 byk yg bagus",Positif
"Memainkan game ini sangat memuaskan, dimulai dari visualnya yang luar biasa, alur cerita yang sangat menarik, gameplay yang disajikan pun sangat aktif. Mungkin akan lebih sempurna lagi jika game ini dapat menggunakan penyimpanan yang lebih sedikit dibandingkan sekarang :)",Positif
"Tambahin skip dialog sama skip scene. Bosen dan buangÂ² waktu diulangÂ² terus setiap reroll. gacha dan Daily juga sama buatin fitur skip, males ngulangin hal yang sama terus. Karena di game ini menurut gw terlalu monetisasi banget yang bikin lu buangÂ² waktu. Event juga jarang dan sedikit dapat material gachanya. Gameplay map nya makin kesini makin rumit gajelas puzzle semua mana map nya gede nya minta ampun + map dimensi lain. 1 tahun kedepan kayak apa Coba ini game beratnya.",Negatif
"Yosh udah bagus,dari grapichs udah di atas rata rata,untuk gameplay nya fun,dan ada story nya,cuman ada beberapa kekurangan. 1.loading awal game lumayan lama sekitar 1-3 menit. 2.Mencari bahan semakin susah. 3.untuk cutscene kenapa ga bisa di ubah grapichs nya ? Di cutscene lag soalnya.",Positif
"Saran saya klo main genshin jan nolep"" banget, speedrun story,quest,explore,dll Santai aja main nya, ini game juga ga kompetitif banget, nikmati proses yg sedang berlangsung adalah momen terbaik menikmati game ini. Yah walau ujung"" nya bakal endgame juga klo main terus dan di situ lah letak kurangnya yg di mana content nya tergolong kurang dan repetitif. Paling cuma spiral,coop,serenitia pot. (Ini fase paling gabut, sampai nunggu update baru) overall best game for me ^-^",Positif
"Gem nya awal awal seru tapi pas udh ar tinggi jadi bosen main, ya jujur genshin game rpg pertama gw yg dapet rating bagus dari segi grafik, karakter, world, dll juga udh bagus. Tapi kayanya user hp kaya gw udh kaga kuat maenğŸ˜ğŸ˜ğŸ˜",Positif
"mekanisme drum dalam quest ""gema pencerahan sehati"" sulit dipahami, ketika memulai tantangan selalu gagal padahal belum dicoba pukul drumnya, apa itu karena bug? devlp mohon tanggapannya",Negatif
"dari pengalaman saya selama bermain genshin aman"" aja, story udh bagus, grafik udh bagus, VA chara udh bagus, dan dll. tpi mungkin lebih baik genshin agak kecilin sedikit buat datanya, meski ada fitur hapus quest terdahulu tetap saja kurang karna orang"" mungkin punya lebih dri 1 akun, dan jga tolong hoyoverse buat chara b4 maupun b5 bisa di ajak ngobrol selain di quest story masing"" quest archon dan teapot",Positif
"3 hari yang lalu saya instal, sudah terdownload data semua hampir 20gb tapi saya belum mainkan. Tadi sore ada update terbaru 249mb di PS, saya update masuk ke in game kenapa harus download data dari awal lagi sebesar 19gb. Kenapa harus download data ulang dari awal lagi, kenapa tidak replace file yang 249mb saja. Aku sangat kecewa",Negatif
"Dari segi gameplay, character design,grafik semua dh bagus terutama storynya yang banyak,compleks,dan yang pastinya menarik.... Ditunggu update archon quest nyağŸ‘",Positif
"BENER BENER BAGUSS !! Alur Cerita NPC aja sampe dibikin detail banget ğŸ¥´ğŸ¥´ Apalagi Visualisasi Game nya buat jadi makin sayang sama Game satu ini ( Walau make penyimpanan banyak sih ) tapi Game ini Rekomended banget buat dimainin hehe, apalagi bareng temen ! Karena ada mode Co-op jadi bisa saling kenalan dengan teman dari luar negara ğŸ˜‹ğŸ˜‹ Makasih Hoyoverse ğŸ’ğŸ’",Positif
Game ini sangat seru semoga kedepan nya game ini semakin maju dan semakin keren aksi yang seru strategis yang keren dan skin yang banyak membuatku senang bermain genshin impact,Positif
"1 tahun main genshin seru banget,mulai dari gameplay,alur cerita, karakter nya juga bagusÂ². Tapi ada beberapa fitur yg menurut Saya harusnya ada tapi tidak di tambahkan,seperti hp/durasi dari Shield yg sedang di gunakan.trus coldown brust dari karakter yg sedang off field,dll.kalo fiturÂ² seperti itu ada pasti lebih membantu lagi ğŸ‘",Positif
Untuk gamplaynya bagus tapi saya memiliki kendala berupa tidak naiknya level padahal sudah mempunyai exp yang cukup bahkan lebih saya tidak bisa naik ke level 26. Mohon kendala ini segera ditanggapi.,Negatif
"Game nya udah bagus,grafik nya juga bagus .Tapi tolong di tambah kan skip ques story kalau ada ques yang sulit bisa di skip dan juga bisa melanjutkan ques selanjutnya,soal nya aku ke jebak di ques nya Ayaka jadi gak bisa lanjut ques Inazuma sama sumeruğŸ˜¢. Ummmm...udah mungkin itu aja maaf banyak mau nya hehe ğŸ™‚",Positif
"Game nya bagus saya suka, tapi yang menjadi masalahny adalah bug,, yang dimana map saya tidak ada rumput dan teks damage, serta terkadang pepohonan menjadi 2d,, padahal grafik nya sudah saya setting menjadi tinggi, mohon diperbaiki",Positif
Game paling keren asli cok mantep beut seru waifu nya mantap mantap apalagi nahida beuhhh dah cantik wangy perhatian lagi istriku emang serpurna lah yaa kekurangan game nya cuman 1 yaitu gk bisa di mainin di hp kentang ğŸ—¿ moga kedepan nya bisa lah di mainin di hp yg terbilang kentang dan bisa ngerasain hd gitu tapi gk makan kuotağŸ—¿ terus kalo misal gk coop bisa kali gk ush online jadi kalo mau coop harus online kalo enggak ya gk pake kuota dikit pun gitu heheh,Positif
Game paling bagus yg pernah akun mainin. Walaupun terkadang ada misiÂ² yang cukup menantang. Alur ceritanya keren banget! Game paling worth it,Positif
"Game nya bagus walapun dimainin di HP medium dan itu udah keren, dan yang gua kurang suka itu di kontrol nya yang tidak bisa di ubah karena jari gua yang cukup besar jadi sering salah pencet dan miss jadi mohon untuk developer untuk membuat custom control",Positif
"Kalian mw ekspektasi mw ini itu, ğŸ˜… bagus sih, tpi ni game paling bagus , apalagi bisa rata kanan semua ğŸ¤£ tpi syang Krn Hp q cukup rata kiri (syukur bisa ) bentar lagi region Fontaine, sampai aq nabung beli PS4 ğŸ¤­ (knp ngk beli Hp spek tinggi) mw sih, tpi ingin memanjakan mata q dg rata kanan, (kan bisa beli hp yg bagus bisa rata kanan), begini bang dan mba, suka"" Gue lah ğŸ¤£ doa in aja bisa beli hp bagus ğŸ‘ dg utk game (game santuy, di manjakan story cukup banyak)",Positif
"dunia teyvat di dalam game ini luas banget, nyampe 10km lebih dari ujung ke ujung, kalau bisa sih tambahin fitur naik kendaraan atau hewan, seperti kuda, burung atau lain"" biar lebih menarik",Positif
"Game yang bagus, story yang bagus dan gameplay yang keren tapi tolong tambahkan resin masa aku mau farming artifak resinnya udah habis mana nunggu penuh lama lagi tolong tambahkan lagi resinnya",Positif
Game yang bagus banget... Tapi sayangnya gede bgt file nya. Ngabisin banyak data juga Tp gapapalah. ITS oke,Positif
"Game bagus dan karakternya menarik semua, ada yang dari rubah sampai manusia, suka deh!, Semogaa hoyoverse kedepannya bikin game yang menarik seperti ini!",Positif
Bagus banget sumpah grafiknya keren apalagi ada storynya soalnya jarang dapat game yang ada storynya di android,Positif
"Overall bagus, bisa menjelajah banyak tempat di dalam gamenya... Sangat wort it bagi player yang suka bertualang",Positif
"Gw awal main di PS5, baru tau GI udh support di HP gw walaupun download data nya lama nya minta ampun banget tapi dari pengalaman main di PS5, game ini awalnya seru banget sekarang agak jarang main tapi seru sih ngerjain quest sampe berjam-jam, grinding artifak sampe resin abis, gacha karakter malah kalah 50/50, sama co-op gangguin orang lain wkwk, masih banyak lagi tapi itu cuman dari pengalaman gw tapi personally gw suka sama game ini karena grafik nya indah banget, dan design karakter unik.",Positif
"Masalah jaringan semakin menjadi-jadi, dimohon untuk diadakan pemeliharaan server secara berkala dengan tidak melakukan maintenance yang terlalu sering.",Positif
"Sinyal diperbaiki. Karena semenjak saya main, jarang sekali hijau malah kuning terus bahkan merah. Kemudian tingkatkan chance buat dapat artefak bagus dan terakhir waktu isi resin mohon dipercepat, karena 1 resin 8 menit itu lama.",Positif
"Gamenya berat terus Gamplaynya terlalu membosankan, hanya bisa buka kotak untuk menaikan level, sedangkan ingin bermain domain hanya bisa beberapa kali saja sampai energi habis",Negatif
"Yah pengalamannya bagus, hanya sistem gachanya yg kadang bikin banting hp. Saran saya lebih baik ditambahkan fitur bertarung dengan pemain lain pada mode coop. Maksudnya ayolah, kalau anda tidak ingin memberikan konten kekerasan yang signifikan, bukannya di game ini sudah kentara sekali konten keserakahan manusia pada lingkungan hidupnya? Kalau begitu mending sekalian saja ada fitur duel ya kan",Positif
"udah di download di instal eh malah ga bisa main , ruang penyimpanan penuh padahal internal sisa 20GB , apa ada yg salah?? apa hp ane ga suport hmm membagongkan syekali",Negatif
"Perfect Game, cuma tolong ditingkatkan kembali untuk graphic nya. Tidak apa-apa size jadi besar, yang penting ke realistic world nya dan rendering nya bikin mata termanjakan. ğŸ‘ğŸ»",Positif
Tolong dev. Ceritanya jgn terlalu bertele tele dan boring. Saya sering ketiduran pas nyekip pembicaraan. Alhasil hp mati abis batrai,Positif
"bosenin, quest yg scenenya ga seberapa bagus (animasi karakter yang didaur ulang dengan voice yg berbeda) dan storynya yang suka melenceng. size yang terlalu besar tetapi worldnya kosong, cuma mengusung 1 daerah 1 tema yang isinya sama bahkan monoton, sebagian besar karakternya didapatkan dari gacha yang bikin f2p player harus grinding ekstra setiap hari buat dapetin karakternya. game ini cocok buat kalian yang suka jadi budak game gacha yang ngabisin waktu setiap hari di game.",Negatif
"tbh gamenya udh bagus bgt dari segi desain karakternya juga cakep cakep, but.. kadang ya tiap skill karakter tuh sama. story nya juga bagus, grafik? bagus cuma hp gue aja yg potato naikin grafik ke yg tertinggi cuma buat foto/ss",Positif
Tolong banget untuk pihak hoyoverse saya sangat ingin memain kan genshin Impack karena hp saya tidak mendukung ketika saya log in blackscreen kecuali charakter saya sangat memohon untuk menstabilkan gameğŸ™ğŸ™ğŸ™,Positif
"Tolong buat developer genshin impact, pingnya tolong di perbaiki lagi soalnya beberapa hari ini setelah selesai update kok pingnya rusak amat ya kadang stabil kadang drop bangat sampai susah untuk masuk kedalam game, tolong di perbaiki khusus pingnya. ğŸ™ğŸ™ğŸ™",Positif
Petualang yg bebas.makin lama main makin eror g ada bar hp musuh di Padang pasir. Karna tekatinya saling Ter hubung saya kasih 4 bintang . 1 nya lagi entar kalau udah di per baikin,Positif
Entah napa hp gua (mi play) bisa main gensin di ram 4. Mediatek p35. Meskipun fps kagak nentun di seting ke rendah kadang patah patah. Kalau setingan rata kiri sama aja atau medium makin sama. Fps cuma dapat 18 ato 7,Positif
"Untuk developer, semua pembaruan sudah memuaskan menurut saya, ada hal lain lagi yang perlu di perbaiki, tolong perbaiki ping di server asia khusus nya di Indonesia, ping tinggi sangat mengganggu walau saya sudah menggunakan koneksi internet yang cukup bagus, tapi ping selalu kuning terkadang merah, tambahkan juga fitur farming otomatis saat player ofline contoh mengumpulkan material, pasti sangat membantu para playerÂ² genshin impact agar bisa fokus di quest saja tidak hanya farming terusmenerus",Positif
"Tolong di update lgi msihhh ad bug, pas lgi cerita tiba2 berhenti gak bisa di lanjutin sma gak bisa di mainin lgi",Positif
Gameplay seru story nya gk ngebosenin cutscene grafis hd desain karakter bagus F2P juga bisa sipp keren banget lah gk sia sia nunggu 3 tahun baru bisa main Genshin Impact,Positif
"Hapus aja lah TCG ngapain di update ngabisin memori aja,,, sekarang malah jadi tambah gede size nya ğŸ˜¡ jujur saya gk suka main TCG",Negatif
"Update akhirÂ² ini mencari material untuk upgrade karakter sangat sulit di temukan dan material nya sangat terbatas, sangat membosankan jika ingin farming tapi material nya sangat sulit didapatkan. Dan satu lagi cerita dalam game saya tidak bisa mengikuti karena terlalu panjang sedangkan waktu bermain saya tidak banyak apakah tidak bisa d skip saja padahal setiap saat main saya tidak pernah membaca dialogÂ² tersebut tapi entah kenapa semakin kesini dialog karakter semakin panjang, mohon dimengerti",Negatif
"Overall dari segi gameplay, grafik, story dll sangat bagus. Hanya ada beberapa yang perlu ditingkatkan. Penggunaan RAM yang bisa sampai 25gb dan sedikitnya primogem yang bisa didapatkan menjadi kesulitan bagi pengguna smartphone tingkat menengah.",Positif
"Lama lama game ini ngebosenin karena event event gajelas , gacha artefak yang susah, level up karakter yang sangat sulit , saya belum sama sekali menyelesaikan map gurun sumeru, terlalu membosankan jika harus menjelajah menggunakan karakter lama.",Negatif
"Event memakan banyak waktu, yah terimakasih sudah menemani waktu luang dulu tapi sekarang mungkin waktunya berpisah, grind yang memakan waktu banyak sekarang event juga, oke back to reality",Negatif
"Yaa lu taulah game ini gk mungkin jlek dri segi story battle dll udh gk bisa di ragukan lagi, cmn ada 1 yg gw kurang suka yaitu sistem gacha nya, itu kemungkinan dapet char 1:20 â˜ ï¸ klo bisa tolong developer nya di bikin lebih gampang untuk dapet char, dan gk harus buat gw pay to win",Positif
"lag paraahh setelah update 3.7 tolong kalo bisa di ringankan mihoyo karna saya masih suka main game ini jadi mohon keringanannya. kalo bisa yg versi mobile tiap update sizenya jangan terlalu besar kasian nnti pengguna mobile yg devicenya pas""aan. jangan sampe kedepanya nnti game ini malah sepi pemain karna kebanyakan mengeluh soal update game yg makin lama makin besar thx",Positif
"Game sih bagus tapi ada bug yang menghalangi saya untuk bermain dimana kita bertemu musuh layar hitam kadang tidak,dimana lantai nya transparan kadang ada cahaya yang terang sekali sampai susah melihat benda yang ingin di serang,itu saja bug yang saya alami semoga developer nya dapat memperbaiki bug yang saya alami",Positif
"overall ini game nya bagus,story nya juga ga ngebosenin,grafik juga hd, intinya seru bngt dah",Positif
"Saya sangat menyukai gamenya tapi saya mau mengusulkan agar drop item musuh lebih banyak untuk mencari barang yang di butuhkan tolong dikasih tanda pada map-nya, pusing kepala mencari barang yang di butuhkan tapi tidak ketemu dan level dunia bebas diturunkan ke level berapa",Positif
"Beberapa kali saya log out dari akun saya, dan tidak bisa log in kembali padahal email dan password sudah benar. Tolong segera diperbaiki, ini sangat mengganggu saya.",Negatif
"Game nya seruuuuuu banget, bisa explore sesukahati, karakter nya banyak, gak ngebosenin, story nya menarik, gak ngebosenin, the best pokonya game nih, mantappğŸ‘ğŸ‘ğŸ‘ğŸ”¥ğŸ”¥",Positif
Tambahin dong fitur mentor agar pemain yang baru main atau yang udah lama main bisa saling sharing tentang gamenya gitu. Soalnya bagi pemain yang dah lama mainÂ²nya gitu doang daily-abisin resin-logout.,Positif
"game yang memanjakan visual, map yang sangat luas dan character yang bagusÂ². tapi saya rate 4 â˜† dikarenakan terkadang saat saya update tidak bisa. Padahal saya sudah mengosongkan sebesar 1,4gb dan update-annya hanya 200an mb.",Positif
"terlalu berat utk ram 5 , klo bleh saran bikin klone genshin untuk HP ringan lah Misal 8-10gb kek, map gk perlu gede-gedean karakter nya gak usah terlalu banyak,toh yg di pake cuman 4 Paling gak total 25an karakter biar pada bisa ngerasain rasanya (MAIN GENSHIN IMPACT) tuh gimana?? Tambah 1 lagi untuk hutao di buff lah dadanya soalnya banyak player yang timdack ramah klo bahas hutaoğŸ—¿ğŸ—¿ğŸ—¿ğŸ—¿ğŸ—¿",Positif
"Semakin bagus dari waktu ke waktu, cuman yang buruk hanya 1, yaitu sistem Rerun yang terlalu mencekik player.",Positif
"best game, tapi akan lebih baik lagi jika lebih memperhatikan fitur coop nya karna masih byk kekurangan seperti voice chat, bahasa, pencarian coop random berdasarkan negara dan level adventure rank.",Positif
"Nih versi android makin update makin bengkak, dulu inget banget pas main masih 10gb lancar disetingan high",Negatif
Game yang bagus tapi saya kurang nyaman saat melihat suara dialog karakter tidak sesuai dengan gestur mulut Jadinya terasa agak aneh Tolong diperhatikan bagian ini,Positif
"Keren, karakternya cakep cakep, contohnya scara ayankku, map mapnya juga keren banget, terutama inazuma, map kesukaanku, cantik, bagus banget, event event nya ada yang ngebosenin juga ada yang seru, contohnya event yang petak umpet dll, ngedekor teapot juga hobiku di genshin impact, ngumpulin primo juga gampang banget, dengan ngerjain misi harian juga udah dapat 60 primogem",Positif
"Overall gamenya bagus. Cuman ada beberapa kendala yang ku alami, always ngelag pdhl grafik dan storage sudah aku atur, jaringan juga baik-baik saja jadi ya.. Entah itu karena apa.",Positif
"Konsep gamenya bagus,grafik dan storynya juga. Kendalanya cuman di ketidakstabilan grafik pas in game nya apalagi klo ngerjain event, klo dh main setengah jam lebih, harus rest dlu baru bisa main lagi, kalo dipaksain fps drop nya g ngotak",Positif
Udah bagus game nya story gameplay tapi server nya nga stabil sering macet2karna server yg buruk tolong fix bug nya,Positif
"suka banget sama gamenya grafik bagus,Chara nya cantikÂ² sama gantengÂ²,tapi lain kali kalo update tambahin Chara yg tomboy ya,oh ya lain kali kasih primo itu langsung 100 kek atau 300,500 ok soalnya nguli Primo ga segampang itu udah sekian terima kasihğŸ™",Positif
"Memang gim ini sudah bagus, akan tetapi masih ada yang kurang yaitu kendaraan kendaraan apa lagi kendaraan kendaraan yang tidak biasa, jadi saya ingin meminta tolong untuk ditambah kan yang kurang seperti yang saya bilang barusan",Positif
"Gamenya bagus banget dari desain grafiknya, karakter nya,alur story,dll.Tapi sayang,memorinya cepet penuh",Positif
"Kalau menurut saya dari segi game sama grafik oky lah bagus tapi tolong lah rubah game inofokati misalanya kaya karakter nya yang kita mainin bukan kartu nya yang malah nyerang kaya kurang seru aja gittu, munkin kalau berbentuk karakter nya bakal lebih seru",Positif
Termasuk nya penipuan ga si ini game? Wkkwkw masa download data segala macam udh ngabisin waktu 5 jam! Paket data pribadi habis 33GB pas di buka malah nge bug! Ml udh di hapus padahal. Klo emng ga bisa buat di mainin di ram 4GB kasih tau! Biar kaga di download juga! Jgn di pasang di playstore klo buat hp2 yg ram nya kecil ga bisa di mainin juga! Sma aja bohong itu!,Negatif
"Teruntuk tim hoyoverse dan mihoyo. Menurut saya alur dari gamenya bagus grafiknya juga tidak kalah bagusğŸ¤©. Tetapi mungkin akan lebih bagus lagi jika ditambahkan fitur on mic dalam co-op agar dapat lebih mudah untuk berkomunikasiğŸ˜‰. Sekian dari saya, terima 80K primogemğŸ™ğŸ»",Positif
"Mantap.. Sangat seru gamenya, tapi pada saat Akhir patch kadang suka bosen karena ga ada event lagi...Btw Di hp entry level cukup playable dimainkan, bahkan bisa sampai 60 fps di area tertentu. Rata kiri tentunya...Spek Helio G70!",Positif
tolong perbaiki lagi padahal hp saya sudah grafik paling rendah semua penyimpanan juga masih sisa 50gb tapi kenapa selalu macet setiap 30-40menit,Negatif
"4 bintang dlu,dari segi game,alur cerita dan lain sebagainya,itu udah bagus. Kekurangannya 1 yaitu ping always merah kenapa y? Padahal lancarÂ² aja.",Positif
"Gamenya overall sdh sngat bagus Rajin update,ngasih primogemsnya gk pelit,grafiknya bagus,bisa dimainkan di berbagai platform,fiturnya bnyak,questnya bnyak,ada bnyak tempat untuk di explore,lorenya seru,charanya banyak,musicnya bagus, achievementnya bnyak,npc nya lucu2 semua,gamenya seru deh Yg kurang sih ada di daily comission nya yg kebanyakan questnya gitu2 aja dan item yg bisa dibeli dengan ikan cm dikit(pdhl jenis ikannya ada bnyak)",Positif
"Semuanya sudah bagus,tapi tolong dong hoyoverse bikin replay untuk setiap cutscenes yang sudah kita putar jang hanya dialognya saja",Positif
"Bagus, tingkat kesulitan misi-misinya jg bagus memang ada yang susah, tp bagus jd ngk cepat bosan...untuk saran peningkatan mungkin ada fitur pesan suara lebih bagus lebih seruğŸ˜Šuntuk yg lain"" bagus"" ajağŸ™ terimakasih",Positif
"masih heran sama yg ngeluh soal bug,selama ini nemu bug cuma kadang ketika ke patung karakter ga nge heal,semoga update selanjutnya hal itu beres ya,itu aja ga ada komentar bagus seru,bikin penasaran terus sama alur ceritanya",Positif
Update kali ini bug nya sangat parah.saya tidak bisa melanjutkan quest khavarana yang bagian kedua tapi di akun saya yang satunya bisa melanjutkan nya sampai selesai.saya mohon bug ini di perbaiki,Negatif
Setelah update frame sering drop padahl sudah di setting grafik terendah. Penggunaan cpu selalu tinggi. Padahal main baru sebentar blm ada 10 menit. Sebelum update lancar tidak pernah frame drop pdhl di setting grafik yg tinggi. Tolong segera dicari solusinya,Negatif
"Tolong klo bikin event yg simpel aja, jangan tcg ribet! Udh primo sedikit event nya ribet peak! Tau ga main ni game setres, udh explore malah dapat karakter yg lain itu ngontol banget",Negatif
"Terima kasih untuk event2nya. Persulit game battle monster skill dan perkuat hp dan damage mereka. Jangan biarkan game keren, mahal, ini tersingkir begitu saja. Stay calm and cool dev, jadilah icon dan game legend pada masanya. Dear player, gunakan perangkat mobile dengan speak minimal snapdragon 840, ram 4.",Positif
"Game nya bagus,tapi kenapa aq mau Top up buat ambil Battle pas Malah gak bisa,pdhl pulsanya udah lebih,tolong yh dibantuğŸ™",Positif
Aku kasih bintang 1 karena aku kesel banget aku baru download genshin impact Terus disuruh download data gak bisa katanya aku disuruh kosongin data padahal memoriku udah aku bersiin tapi tetep gak bisa buat main aku kesel banget sama ni game,Negatif
Gamenya bagus plus ceritanya juga keren apa lagi buat karakternya,Positif
"Teruntuk tim hoyoverse dan mihoyo yang terhormat. Dari pengalaman saya bermain genshin selama 2 tahun lebih,saya melakukan banyak hal, salah satunya adalah memainkan mode spiral abyss, saya melihat banyak player yang kesulitan bermain mode itu bahkan saya sendiri kesulitan terutama di lantai 11-12, jadi saya memiliki saran yang akan cukup membantu para player baru menyelesaikan spiral yaitu dengan menambahkan fitur pinjam karakter dari daftar teman yang ada agar mempermudah mendapatkan primogem",Positif
"Game mobile terbaik sepanjang yang saya tau, dunia yang indah, kompleksitas gameplay, Alur cerita dan lore yang dalam, overall nice game, cuma agak membosankan untuk player veteran yang sudah terlalu kuat di game, karena musuhnya bisa di kill dalam hitungan menit bahkan detik. Tolong tambahkan konten endgame lagi! Terima kasih.",Positif
"Kenapa ya ? padahal device saya sanggup untuk bermain genshin impact,tapi kenapa setelah beberapa menit dimainkan langsung nge lag terus force close ,mohon ditanggapi segera mihoyoğŸ™",Negatif
Gamenya sangat bagus dh mantap keren pokonya maju terus genshin impact agar lebih baik lagi buat para pecinta anime yang terus meningkat di IndonesiağŸ‘ğŸ’¯,Positif
"Game nya bagus, grafik nya juga bagus, banyak waifu/husbu dan developer nya ga pelit, selalu ngasih hadiah, semangat HoyoverseğŸ‘ğŸ¼",Positif
Cut scane sama obrolan storynya gk bisa di skip ... Lama lama Jenuh banget liatnya apalagi kalo lama ngobrol nya .. bikin males harus taptap layar terus kesel jadinya ...,Negatif
"Grafik nya sdh melebihi kata bagus, banyak event yg seru! Hanya saja, gamenya agak membosankan karena terlalu banyak quest ( capek ). Untuk mengumpulkan atifact butuh waktu berbulan"", naikin talent susah cari bahan"" nya, dan cara level up yg agak susah dan Ascension quest yg meresahkan, saya jg mengalami banyak bug... Seperti waktu saya bermain dgn teman co-op saya, disitu hanya ada 2 orang, tetapi ad tulisan 3p, dia mengikuti kemana mana di map, tapi tdk terlihat karakter nya...",Negatif
"Sejauh ini bagus, hanya saja untuk loading masuk ke beranda dan loading saat teleportnya masih agak lama. Dan puzzle di padang pasir sumeru banyak yg sulit karna gak ngerti cara kerjanya",Positif
"Gameplay, grafik, karakter, dll, Over all seru. Main story nya keren banget. Tpi sayang quest archon terlalu singkat, harusnya quest yng menceritakan main story (archon quest) dibuat lebih panjang dan intens agar lebih detail menjelaskan main story nya.",Positif
"Ini baru pertama kalinya aku main game ini grafiknya paling bagus,sempurna,gak ada kekurangan menurut saya karna saya juga baru main sih jadi belum tau ada kekurangan atau gak,intinya menurut saya sih sempurna",Positif
"Aku suka genshin, dan aku memainkan di ponselku...., nilai yg kuberikan sempurna...., tapi aku berharap genshin bisa rilis di smua platform konsol. Terlebih lagi untuk nintendo switchhh....",Positif
Ping selalu kuning 200+ms gk pernah hijau kalo pake provider tp klo pake wifi -70ms hijauu,Positif
"Sebenarnya aku suka main genshin impact karena storynya bagus grafisnya juga bagus dan Lain-lainnya. Tapi, aku kasi 4 bintang karena setiap main terkadang keluar sendiri gitu dan aku kan jadi kesal. Walau begitu aku tetap bermain karena aku suka ini game tapi kalo bisa tolong diperbaiki dikit dong, setidaknya biar gk keluar sendiri kalo lagi main. Walau begitu ini game yang terbaik menurutku sihğŸ‘Œ (btw aku akan ubah bintangnya kalo udh gk keluar sendiri lagi)",Positif
"Gila sih cuy, ini game seru bet parah. Dari segi gameplay, story, karakter dan grafik udah ""WAW"" pake bangetâ€¼ï¸ Yah, sayangnya Genshin bukan game yang friendly buat user HP kentang. ğŸ¥² But, dari semua game genre Open-World, menurutku Genshin paling mantap. Gak cuman itu, aku juga baru sadar ternyata Genshin gak pake Google Translate buat B. IndoNya, pantesan nyambung kayak kita ngobrol sehari-hari. ğŸ¤£ Great job, Hoyoverse!",Positif
Menurut saya game ini sangat bagus Karna mempunyai fitur 3D selain itu juga banyak karakter yang dapat digacha juga ada misi harian dan yang paling kusuka bisa main sama temen temen tapi kekurangan nya adalah tidak bisa berbicara melalui online jadi itu saja tetapi game ini sangat seru banget,Positif
Gamenya lumayan seru story bagus grafik nya bagus paimon diajak ngobrol juga asik 10/10 game terbaik yang pernah gw mainin setelah mobile legend,Positif
"Untuk segi grafik jangan di tanya lagi, game ini juaranya. Dan kalo pas main sinyal nya kuning, menurutku gak terlalu berpengaruh sih, kecuali kalo emg sinyalnya merah. Story asik, pilihan bos banyak, cerita panjang GK gampang bosen, banyak quest, bahkan yg bisa kasih primogem juga banyak, character juga banyak bikin komposisi team bermacam macam, gamenya juga miripÂ² kyk game jaman sekarang, butuh healer, dps, sub dps, shielder, dll. Untuk f2p juga cukup ramah kok, jgn terlalu mikir buat top up.",Positif
"tambahin fitur skip story atau dialog lah terlalu banyak buang2 waktu ini belum lagi explore map, cari material up karkater, skill, artefak, tolong dipikirin player juga punya kerjaan lain atau main game lain juga",Negatif
Wooow bagus keren seru gak sia-sia download data yang lama tapi seru jadi pengen beli pulsa terus sama mainin terus gampang mainnya saya baru main sudah bisa ya tapi masih kaku sih yang penting rame dan seru download sekaraaaaaang!!,Positif
"Dari segi grafik sih gak ada obat ini game. Quest story yang menarik dan mudah di pahami. Sedikit saran saja banyakin event event supaya pengembara tetap aktif dan tidak mudah bosan. Ya tau sendiri jika AR sudah lebih dari 55 susah mencari quest story dan chest. Hal ini lah yang kadang membuat pengembara mudah dan cepat bosan. Jika bukan dari event, spiral abys dan update daerah map baru. dari mana lagi pengembara mendapatkan primo selain top up. Jujur susah mempertahankan gelar f2p di game ini.",Positif
Game ini sangat bagus dengan map yg sangat luas dan kita sebagai pemain bebas menjelajahi mapnya dan banyaknya teka teki dan pemandangan yang sangat bagus dan event-event menarik setiap saat,Positif
"Entah aku doang atau yg lain juga merasa mungkin?? di update terbaru ini ping nya sering banget merah dan gak stabil, frame sering ngedrop, dan parahnya sering FORCE CLOSE setelah 5-15 menit dimainkan.. secara device android yg saya pakai sudah termasuk lancar di grafik tingkat medium fps 45.. jaringan untuk nnton youtube or yg lain juga lancarÂ² aja.. Memori juga masih lega sisa 70gb,, kalau memang bug TOLONG SEGERA DIPERBAIKI,, karena ini mengganggu SEKALI kenyamanan bermain player.. #hoyoverse",Negatif
game nya seru banget buat orang yg suka eksplorasi dan gacha. Dari segi gameplay juga lumayan bagus karena setiap karakter memiliki skill yg berbeda dan ada elemental reaction. Tapi yg bikin saya kesal adalah jaringan setiap selesai update selalu lag. Mungkin itu saja kalo bisa sih banyakin event yg lebih seru lagi :),Positif
"gamenya bagus, tapi bisa kah ditambah mode PvP biar gak bosan, sistem leaderboard biar ada motivasi, semoga kedepan lebih seruğŸ˜",Positif
"Game nya bagus,ada alur cerita,open world,dll, pokonya udh mantap dah buat nih game,cuman ada yang kurang yaitu jaringan. Kenapa sih jaringan nya selalu kuning merah2 trus, ijo nya paling sebentar dan itu kalo lagi ganti karakter, gak usah di tanya, lama banget ganti nya, semoga update kedepan nya nih jaringan di perbaiki agar ijo terus, padahal WiFi saya lancar lancar saja kok gak ada masalah, buat main game lain aman2 aja, lah ini udh make WiFi, data, sama aja,semoga cepet di benerin, thanks",Positif
"The best game ini, kurang nya cuma di harga gacha yang mahal (terkesan scam bahkan), but it's ok... Thank you deplover",Positif
"Overall bagus, dari segi karakter grafik dll. Bisa explore dan nyelesain quest yang ngebuat kita gak bosen, tapi menurut aku quest archon primogem terlalu sedikit padahal nyelesain quest archon perlu perjalanan yang panjang. Tolong di tambahkan lagi dong primogem karena aku pemain gratisan.",Positif
"Game nya bagus, pake banget. Please hoyovers, gw mau Kazuha c6, kasi gw menang rate off terus di phase yang akan dtg nantiğŸ˜‡ğŸ™ğŸ»",Positif
Ini kenapa pas update makin ngelag jaringannya? Ganti karakternya aja delay banget. Masa harus ganti karakter nunggu 2 detik. Perbaiki dong buat kenyamanan bermain player,Negatif
"Best Game Masa depan Oiya sinyal ping, di indonesia masih kurang, tolong di perkuat lagi jaringan agar ping tidak tinggi Terutama untuk player indonesia yang bermain di server europa, ping buruk sekali, tolong fix ini ya",Positif
"Saya main sejak 08102020,, Secara keseluruhan ini game wuih sangat memuaskan. Mulai dari grafik, character, effect suara dan visualnya sangat memuaskan, hadiah aniversary pertamanya juga sangat memuaskan. Masuk region Sumeru, wuih map di padang pasirnya sangat luat sekali, jujur saja eksplore di padang pasir ini penuh dengan pemandangan gurun pasir.",Positif
Kecewa ini game bikin hp cepet panas dan ngeleg parah padahal hp saya pake ram 8 gb dan chipset snapdragon 720g seharusnya sudah lancar di setingan rendah atau yg terendah padahal dulu enggak giningelegnya.,Positif
"Sangat menarik jalan ceritanya sama grafiknya gak main main, pokoknya the best ğŸ‘",Positif
"berpetualang bersama karakter yang disukai membuat game ini menarik | game ini adalah tipe kasual, tidak perlu repot harus ""farming"" secara instant, nikmati waktu selagi ada | desain karakter yang tidak kaku, halus, dan mirip seperti di versi 2D-nya | pilihan 4 bahasa Audio yang bisa dinikmati sesuai selera | full audio dalam situasi apapun, kecuali di quest dunia | pilihan audio dapat disesuaikan sehingga tidak membuat size bengkak",Positif
"Petualang rpg yang menyenangkan dengan di iringinya jalan cerita yang menegangkan dan seru, Nice gameplay dan mekanik yg menarik â­5 untuk genshin impactğŸ˜Š",Positif
"Game bagus, nyaman, voice actor keren, namun ada yang kurang dari game ini yaitu fitur penyesuaian resolusi max hp",Positif
"Game-nya sangat bagus terutama segi grafik, story, Character udah best sekali lah yaa. Cuman ya itu ping doang, selalu mentok di kuning bahkan merah.",Positif
"Game nya keren dan sangat bagus juga untuk mencari teman, walaupun agak makan banyak memori sihh ğŸ˜…, cuma tetap aja the bestt",Positif
"Dari Segi gameplay,alur cerita N grafik ny oke,bisa open world dll. ga ngebosenin karakter ny bagusÂ² bintang 5 untuk Dev!! Kerenn",Positif
Awalnya sih kurang yakin sm nih game karna baru mau masuk aja harus download data 20gb lebih tp pas masuk bagus ko dari segi grafik dan game playnya udh ok,Positif
Tolong dipermudah untuk beli karakter jangan mahal-mahal. Cari Cristalnya susah banget. Ketika mau beli karakter malah dapat senjata biasa aja. Jadi dipermudah dan dipermurah lagi.,Positif
"game bagus, mudah di mainkan tetapi lumayan sulit di mencari primonya karena kita harus menyelesaikan quest untuk mendapatkan primo dan juga harta karun tetapi menurutku game ini sudah bagus kok buat orang yang suka tempat yang indah, pencinta game rpg, dan juga characternya bagus2 cuma ada beberapa yang mungkin skillnya agak tidak berguna",Positif
"Min, tolong ketika lagi story mode di sekitar ada musuh seperti slime tolong diblok ketika user masuk story tibaÂ² main karakter mati karna diserang musuh MC bisa diserang kalau tidak masuk story mode, selain itu game ini terbaik",Positif
"Untuk story dan desain karakter sudah bagus. Namun, untuk mengekplorasi map seperti Sumeru cukup sulit untuk menemukan jalan menuju ruangan bawah tanahnya. Apalagi, dengan tidak adanya keterangan bahwa teleport waypoint yang terdapat di lokasi tersebut berada di bawah tanah, atau di atas permukaan tanah. Itu yang menyebabkan saya kebingungan saat mengeksplorasi map Sumeru khususnya bagian desert/gurun.",Positif
Efek dan stat dari weapon signature Kokomi sangatlah tidak relevan dan terlalu lemah untuk karakternya. Bisa-bisa developer membuat weapon signature Nilou memiliki total 86â„… HP sedangkan Kokomi hanya memiliki 46â„… HP,Negatif
"Kenapa ya? Kemarin pas awalÂ² login wifinya langsung drop? Padahal kalo keluar dari genshin langsung ratusan KB/ detik. Tapi kalo masuk 0,9 kebawah KB/ detik. Padahal akunnya sudah saya rawat sampai AR55 :'). Apalagi sampai sekitar 15 menitan nunggu layar cuma putih doang, tauÂ² jadi 0 KB /detik. Makasih Hoyoverse semoga diperbaiki",Positif
"Well sejauh ini gameplay nya perfect no komen, kalo secara keseluruhan sih menurut saya gk ada yang kurang mungkin ada yang pas-pasan tapi itu wajar karena game pasti ada kurang nya, tapi buat developer good game :)",Positif
Dari segi cerita game ini seru dan menarik banget dan dengan dunianya yang luas enak gitu explore tempat tempat nya jadi ini game bagus menurut gw,Positif
"TCG terlalu membosankan karena lawan terlalu kuat karena bisa terus menyerang dan selalu mendapatkan kartu bagus, sedangkan kami selalu mendapatkan dadu jelek yang tidak sesuai dan kartu yang tidak diinginkan sehingga tidak mendapatkan giliran samasekali",Negatif
"Game nya bagus, cuma saya AR tinggi bingung juga didalam game mau ngapain. Tapi gapapa banyak kegabutan yang bisa kita lakukan dengan coop, tidak hanya farm terus tapi bisa challenge terserah dengan sumber daya yang ada didalam game. Pokoknya semoga game ini terus maju dan update nya tidak begitu menggila, Love genshin Game paling Ramah Tamah Di Android (Lebih tepatnya HP saya)",Positif
"Saya pengguna hp ram 4 dengan mediatek helio G25 bisa ikut menikmati game ini, walaupun harus settingan grafik low supaya lancar,, terimakasih untuk publisher dan developer karena sudah mengoptimalkan game ini sehingga pengguna device menengah kebawah juga bisa memainkannya, harapan kedepanya bisa lebih dioptimalkan lagi ğŸ™ğŸ™ğŸ™",Positif
"Jujur ya aku kasih bintang 5 karna game nya menarik aja gitu, eh ternyata emng sebagus itu gilaa tapi lumayan susah juga pas lawan bos kalo AR ny udh tinggi. Recommended bgt buat org yg suka game grafik bgs kayak genshin Impact ğŸ‘ğŸ»",Positif
"Game nya bagus, visual nya juga bagus, pemandangan nya juga manjain mata. Cocok dimainin pas nyantai~",Positif
"Jujur gamenya udah bagus banget dari grafik, cerita, sama karakternya, tapi yang jadi masalahnya itu sistem gacha nya, aku udah main genshin hampir setahun aku selalu dapet hard pity, menurutku fitur yang harus ada itu kalau dapet karakter standard di banner limited itu naikin lagi chance untuk mendapatkan karakter bintang 5 yang ada di banner limited, aku udah dapet karakter standard di banner limited di kasih karakter bintang 5 limited lagi di pity yang mentok",Negatif
"Alur cerita yg seru , Pertualangan yg memuaskan dan gameplay animasi pertempuran yg bagus. Semangat mihoyo untuk mengembangkan game ini, Kalau bisa berikan kami sebuah teori supaya cerita di game ini sgt seru.",Positif
"Hai Hoyovers,masih berharap suatu saat hoyoversi bisa memperbaiki bug di beberapa device hang kurang memadai,dalam beberapa aspek yaitu tidak munculnya teks damage dan teks reaction,tidak terlihatnya Es dan rumput. Saya harap hoyoverse segera bisa memperbaiki bug tersebut (hanya pada beberapa device) agar bisa mendapatkan pengalaman baermain yang lebih baik lagi :) Semoga bisa di respon oleh pihak developer.",Positif
"Teruntuk pihak Hoyoverse,gw kecewa berat melihat update Genshin Impact Sekarang ini.Dikarenakan terlalu banyak bug,misalnya : lagi ngewish atau ngegacha tiba-tiba ada yang player lain masuk (lagi mode Co-op) ,Hasil ngewish tadi Hilang padahal Udah kepake intertwined fate Ã—10 .Di riwayat banner gacha gak ada pada hari ini gw ngegacha.Masa Hilang gitu aja. Kayak abu terbawa angin.Apa solusinya coba??",Negatif
"Keren. Seru banget, grafik bagus banget begitu juga dengan alur cerita ğŸ‘ğŸ‘ğŸ‘ğŸ‘ğŸ‘ğŸ‘ğŸ‘bintang lima perfect!ğŸŒŸğŸŒŸğŸŒŸğŸŒŸğŸŒŸ",Positif
"Game paling bagus dan keren banget Yah walaupun gamenya gede banget Gbnya 26gb tapi sama persis seperti di consolenya PS4 & PS5, Nintendo switch, PC, ceritanya bagus dan menarik enggak ngebosenin, ini baru game yang selama ini aku cari, mantap",Positif
"Gamenya buaguusss banget, cuma kayaknya akun sy kena bug, AR akun saya 35 mau saya naikin dengan ngerjain world quest, story quest, daily sama archon quest tetep ngga nambahÂ² padahal sudah ada keterangan seperti +100 exp adventure tapi kok ngga nambahÂ² ya?",Negatif
Game nya bagus grafik nya itu lohh wow banget!! Saya hampir lupa kalau ini itu adalah game soalnya mirip kayak animasi yang di buat sempurnaâœ¨ï¸ğŸ€ saya kasih rating 5â˜† SEMPURNA!!,Positif
Ya jujur gue dh banyak tau karakter genshin walau baru ini gue main'n game nya.. Mungkin emng rada berat ini game Over all jln crita nya menarik apa lg karakter2 nya jg bagus2 Suka lah ama game ini ğŸ¥°,Positif
Game nya bagus banget! Aku suka sma ceritanya menarik! Dan karakternya juga cantik dan aku suka detail yg dibuat oleh developer hoyovers! Semangat yakk,Positif
"Untuk keseluruhan game mulai dari grafis, story, farm kebutuhan character sudah bagus, player juga tidak bisa mendapat apa yang mereka mau dengan instan jadi seperti game progress pada umumnya / memerlukan kesabaran. Saran pribadi saja sih, untuk spiral abyss sendiri apakah bisa ditambah menjadi lantai 16? Jadi dari lantai 9-12 itu adalah khusus untuk pemula atau player dengan AR yang cukup rendah yang bisa mendapatkan primogems saat abyss telah di reset. Terimakasih...",Positif
"Game nya gak bagus soalnya harus download data juga pas aku pengen download data malah gak bisa padahal sudah aku kurangi sampah,data dan MB udah MB nya lumayan gede tolong diturunin MB dan data nya udah gitu doang tolong diperbaiki ya",Negatif
"Udah bagus sih, mau dari sistem, cerita, maupun gameplay, ya cuma saya kurang suka dengan bbrp tampilan pakaian default karakter nya, seperti terlalu berlebih-lebihan dan terlalu banyak pernak pernik, itu aja sih selebihnya udah ok",Positif
Gamenya bagus saya suka ini cuma saran dari saya tolong perkecil size gamenya supaya orang yang punya handphone yang tidak terlalu bagus bisa merasakan dan bermain game ini terimakasih ğŸ˜,Positif
"Gamenya bagus, seru bisa mabar sama teman dan ayang wkwk Tapi saran aja tolong dipermudah dalam mencari bahan untuk upgrade Hero nya serta primogem didalam kotak ""common chest"" kalo bisa dibanyakin wkwk",Positif
"Gamenya seru banget, grafiknya bagus, kontrolnya bagus, jalan ceritanya seru, tapi ada masalah sinyalnya kurang bagus, storagenya terlalu besar dan saya sering mengalami masalah saat menggunakan mode Co-Op karena Saya tidak bisa bahasa inggris jadi sulit untuk menjawab pemain lain, mohon bantuan devloper jika bisa menyediakan fitur terjemahan, terima kasih",Positif
Saya harap genshin impact versi android bisa support gamepad seperti versi ios karena akan membuat pengalaman bermain jadi lebih menyenangkan,Positif
"Game sampah. Sistem gcha kaya punya dark sistem. Setiap kali rate on karakter limited selalu dikasi pity 70+ . Udh gw low spender primo terbatas, map udh 100% semua drimna lagi gw nyari primo. Makin hari makin dipaksa top up trus",Negatif
"Loading nya kok lama bgt sih padahal aku LG pake wifi loh,dan sinyalnya bagus",Negatif
"Kenapa saat saya sedang menjalankan quest archon dan ingin melanjutkan dialog tiba tiba game nya berhenti seperti ngelag, bahkan untuk melanjutkan dialog saja tidak bisa? Tolong di tindak lanjutkan ini membuat saya tidak nyaman",Negatif
"Untuk player yang pertama kali mendaftar,sebaiknya dicantumkan bahasa voice waktu unduh data nya agar player bisa memilih setiap voice bahasa yang mereka inginkan,tidak otomatis ke bahasa inggris,namus ke bahasa lain juga seperti bahasa jepang, Korea atau mandarin",Positif
"Selama saya bermain Genshin impact ini sampai update sumeru dah completed semua mapnya tinggal menunggu map fountain keluar, so far saya masih suka dengan gamenya, tidak ada kata pensi mainin Genshin impact ini, perjalanan saya masih panjang, kecuali kalau device udh gk sanggup baru pensi :v",Positif
Gameplaynya bagus dan story nya juga bagus. Untuk overall sudah baik dari segi grafis dan detailÂ² lain. Ini recommend banget buat yang suka game open world,Positif
"SeruÂ² aja tapi tangan cepet pegel main ny touch pad, moga aja kedepan ny ditambahin fitur gamepad supaya gk pake aplikasi pihak ke 3,soalny males mapping",Positif
"Tolong buatkan opsi skip cerita untuk melanjutkan permainan.. Membaca dan melihat cerita telalu buang"" Waktu.. Biarkan opsi skip untuk pemain yang tidak mau mengikuti cerita nya..",Negatif
"The best sih, mungkin kalau ada map bawah tanah bisa lebih mudah buat menjelajahnya",Positif
"game nya seru bgttt, grafiknya juga oke sekalii, ceritanya seru, karakter nya keren keren ğŸ˜ğŸ†’",Positif
"Aku suka hu Tao, pahanya mulus, wajahnya imut ceria, apalagi yang kurang coba ğŸ˜‹, btw quest nya seru bgt gaes, rekomendasi download pokoknya yang ram nya minimal 4 dan Rom nya 64 ke atas pasti no lag dan juga pasti asik maennya. Download buruan jangan baca komentar doang kerjaan lu, gw tau lu pada yang baca orang mager ğŸ˜Œ",Positif
Suka banget sama game ini.. dan nga kerasa udah 2 tahun.. walau sempet vakum beberapa season hehe. Tapi akhirnya AR 60 tahun lalu.,Positif
"Terbaik dalam semua hal... game play yg mulus, grafik yg memukau, quest yg menarik, event yg seru, map yg luar biasa besar, dan banyak hal lagi hal-hal yg bisa di lakulan di in-game... Yg penting adalah TERBAIK...",Positif
"Buat hoyoverse untuk genshin impact agar diperingan lagi / di optimalisasi untuk Snapdragon 860, karena di Snapdragon 860 masih agak berat. Terima kasih",Negatif
"Tidak perlu di tanyakan lagi, sudah jelas game ini udah the best! dari alur cerita, map, musik, grafik dan sistem coop semua sudah good. Thanks hoyoverse, kalo ada rating bintang 6 udah aku kasih ğŸ¥°",Positif
"Gamenya bagus bngt, segi grafis, visual, alur cerita, quest, karakternya semuanya kerenğŸ‘, terus tingkatin biar makin seru&bagus gamenya.",Positif
"Woylah hoyoverse pless ini kenapa genshin saya gabisa login, pas saya masukin username password selesai verif tiba tiba muncul tulisan ""terlalu banyak permintaan silahkan coba kembali beberapa saat"" padahal saya gaada spam spam login hadehhh",Negatif
"Sizenya sangat ramah sekali, sampe"" Hp w pengen berak karena penuh internalnya.. Inti:gamenya dan storiny bagus!.",Positif
"min.. mohon tingkatkan sensivitas di versi mobile.. sangat ssh saat memakai karakter bow.. khusus nya karakter nahida.. ""elemental skill hold"" agak ribet.. jdi mohon di tambah aja biar mudah.. versi pc malah gampang. ga adil...",Positif
"Gane ini sangat menarik, tapi game ini Menggunakan fitur rate on/rate of , Meskipun begitu Justru Unik pake fitur itu, tapi Kalau bisa bansos Primo nya di perbanyak Setiap event nya dapet 100 primo Per event rajin rajin di kasih bansos Karena Fitur gacha nya pakai rate on/rate of belum tentu dapat, dan Saya minta Untuk rensin ditabah jadi 200 karena sangat terbatas kalau rensin hanya 160, kalau tidak ada tambahan rensin mungkin Bisa lebih sering Memberi foriginal Rensin perhrinya, Agar lbh mudah",Positif
Game nya bagus sih tapi masih ada bug di game ini misalnya level seketika ngebug gk bisa di anaikin lagi level nya sama ada bug musuh nya gk bisa di hit,Positif
"Grafik bagus, questnya gk bosen, cara dapet itemnya lumayan gampang, cuman dikit saran nih, hadiah primonya naikin dikit ya, karena ngerjain questnya lama tapi dapet primonya sedikit, jadi kurang sepadan dengan pengerjaan questnya, btw gw tunggu update barunya :)",Positif
"Game mmorpg terbaik yang pernah saya mainkan. dari segi story yang bagus, desain yang memanjakan mata, realita yang tidak berbeda jauh, dan musik yang memanjakan telinga. hanya 1 hal yang kurang : meski bisa memelihara binatang di teapot atau berinteraksi, tapi masih belum bisa menyentuh/petting hewan.",Positif
"Game yg hebat. Gaya bermain bagus, karakternya ganteng/cantik, pemandangannya indah (open world). Dan untuk alurnya juga terkesan seru. Bagus deh pokoknya ğŸ‘ [Namun kurang ramah buat f2p ğŸ¥²]",Positif
"Aku benci banget sumpah, aku udah cape min udah udah min aku gak sanggup mempertahankan game ini lagi, tidak masuk akal, aku kalah level kalah damage kalah defense kalah all, aku gak bisa selesaikan quest sampai kapan pun maaf ini game terburuk yang pernah aku mainkan",Negatif
"Update 2.7 sudah tidak ada kendali lagi.. walaupun saya sering agak ngebug ,tapi sudah bagus,,semoga game nya makin maju dan larisğŸ‘",Positif
"Semuanya bagus cuman makin kesini makin banyak character yang harus ditingkatkan makin butuh banyak sumber daya tapi sayangnya reset resin sangat lambat dan juga jumlah maksimum terlalu sedikit, jadi kita harus menunggu cukup lama yang membuat game ini jadi membosankan",Positif
"overall bagus, cmn makin kesini rasanya makin berat ni apps, mungkin 2 tahun kedepan banyak player yang pensi gara gara device.",Positif
"pas download data tinggal 2gb lagi,,setelah update malah download ulang 20gb,,,pntej",Negatif
"Dari segi grafik, cerita, music gak perlu di tanya lagi... Kendala paling kalah 50/50... Yang aku tunggu seiyuu baru, karna aku pake dub Jepang jadi ada beberapa seiyuu favorit yang belum ada di game ini seperti kamiya hiroshi, yuki kaji, ono daisuke, mamoru miyano, kenjiro tsuda.... Di tunggu kedatangan mereka....",Positif
"Knp pingnya tibaÂ² jadi makin jelek sih, awalnya emang merah tpi malah naik jadi 400 an, jadi gk bisa main",Negatif
"Udah lama maen dari awal rilis, dialognya gk ngotak satt, 80% dialog doang, 20% battle.... Dahlah, banyak temen2 yg udah pensiun genshin gara2 bosen dengerin dialog yg 90% gk guna",Negatif
"Diluar nalar coy grafis rata kanan, bikin hp panas sih, tapi gokil sih, gw aja baru main langsung ketagihan Cok, sejauh gw main nih game masih belum Nemu bug/glitch/error' di game ini, nanti kalau Nemu saya report, segini saja sih komentar saya, all in bagus semua kok, Deri segi cerita,grafis,character,dan gameplay, semuanya the best, game terberat yang ada di hp gw saat ini",Positif
"Genshin sekarang makin bagus. Tapi ada plus minus nya pas update patch baru. Minus banyak bug yang merugikan, trus kita ga top up/ngelakuin pelanggaran apa"" tp Primo jadi minus. Plus nya ya banyak character gameplay unik, tp ad juga yg ""lihat, revisi dikit"".",Positif
"Tolong hadirkan fitur skip pada percakapan antara karakter/story karena saya hanya seorang player yang suka dengan action,battle&ekplore di game ini,saya tidak memikirkan/mengikuti story dari game ini karna itulah hadirkan fitur skin story/skip dialog",Negatif
"Teruntuk hoyoverse Game nya sudah bagus eventÂ² nya seru banget lah. cuman sering kali bikin kesel mau level up karakter/weapon materialnya kadang cooldown nya lama muncul lagi atau memang susah di cari, menunggu domain untuk material nya masih menunggu hari dan resin terbatas. Saran saya kedepannya ke sesama Traveler bisa berbagi material di bag seperti : (weapon, material, artefak, makanan) yang tidak terpakai. Itu saja kekurangan yang saya alami bermain selama 3 tahun ini terimakasih ğŸ™ğŸ™ğŸ™",Positif
kerja bagus.! saya merasakan pngalaman bermai game senga n si sukung segala aspek game opn word yang sangan seru,Positif
"Seru gamenya ğŸ‘ yang paling gue senang dengan gamenya yaitu petualangan, karakternya bisa jadiin waifu dan jalan ceritanya yah walaupun gak rata kanan ğŸ˜„",Positif
Aku bingung. Baru download mau nyoba game ini. Tapi pas masuk buat download data game nya selalu muncul keterangan kalo penyimpanan ruang tidak cukup. Sementara penyimpananku saja masih ada cukup ruang kira-kira 30 giga lebih.,Negatif
"Seru banget game nya:D dan sekarang udah Gk ngelek ngelek main nya, soalnya dah pake WiFi. Tapi kadang bosen kalo quest dah abis:) tapi untung sering ada event:D pokoknya game nya seru banget dah grafiknya keren parah.",Positif
"Best game ever, semua bagus dan perfect,view indah banget, karakter yg cantik2, tapi 1 hal yg bikin ni game kurang,yaitu gacha artifact,ampas banget artifact nya,tapi selain itu bagus2 sih",Positif
Gem nya bagus banget tapi kalau spn kadang enggak pernah dapat bintang lima jadi tolong orang yang sudah menabung untuk dapat bintang lima malah dapat yang comon dan yang epik jadi tolong ya di perbaiki tapi Karna gemes nya bagus ak kasih bintang lima ğŸ˜Š:â­â­â­â­â­ğŸ˜º,Positif
"Karena saya udah ganti divice jadi saya main lagi walaupun udah kebanyakan event ketinggalan, karena Speedrun primo nya udah mulai susah,jdi nuggu update terbaru tolong perbanyak event/apa gitu yg buat nambah primo mau ngerjain karakter b5 soalnya tim belum bagus semua b4 udah kebuild soalnya jadi b5 nya masih sedikit di akun ku",Positif
"Tolong dong, tambahin fitur SKIP HISTORY, saya sebagai player yg cuman suka ngumpulin item jadi MALAS MAIN karna terlalu banyak PERCAKAPAN",Positif
Permainan game paling keren petualangan paling bagus tidak pernah bosan memainkan game ini jauh banget sama game android lain.. ini seperti game konsol di ps mantap ğŸ‘ ini game buat bermain solo saya suka banget game seperti ini...,Positif
"Kdang frame pdahal sblum update g pernah ngalamin frame drob , grafik udh di turunin ke sedang masi frame juga , trs sinyal nya kdang drob , btw di gift primogem 100k mau nih min ğŸ¤£",Positif
Please notice! Tolong adakan pembatalan upgrade talenta karakter... Banyak karakter yang saya menyesal mengupgradenya dahulu kala,Negatif
"Gamenya bagus karena banyak husbando dan waifu, trus grafiknya jg bagus, open world, tapi buat nemuin sesuatu yang baru itu harus nunggu lama banget, jadi ya rada bosen jg sih",Positif
"Dari segi story, design karakter apalagi grafis udah bagus banget. Bener"" memanjakan mata dan telinga apalagi ost/bgm dari genshin sendiri juga gak kalah keren, jadi musiknya tuh disetiap regional punya ciri khasnya sendiri. Event juga tergolong menarik. Tapi ya dengan segala fitur dan kualitas yg ditawarkan gk kaget kalo game ini minta spesifikasi hp/pc yang cukup mumpuni Overall semua 4,8 lah",Positif
"Untuk gacha karakter bintang 5 perlu berapa uang untuk kita dapat? meskipun dengan event ""Up"" persentase karakter dinaikan, itu semua gk ngaruh. aku ngg terlalu mengerti sistem gacha game ini. tidak kebanyakan di game lain, sangat mudah untuk mendapatkan karakter yg kita inginkan. tapi berbeda untuk game yang satu ini...",Negatif
Gamenya bagus dan adventurenya seru sekali saya sampai kelupaan mengerjakan quest karena sangat suka dengan berpetualang di map yang luas,Positif
"Buat aku game ini memuaskan, mungkin klo kekurangan nya,, quest nya banyaaaakkkkkkk.... Jd sibuk urus quest... Padahal pengen menjelajah... I love genshin.... â¤ğŸ¥°",Positif
Game sudah bagus sih tapi setiap mau update harus kosongin memori padahal memori ada 86 yang dipakai hanya 44 tolong diperbaiki kalau saya sudah bisa main lagi saya kasih bintang 5 Sekian dari saya assalamu'alaikum,Negatif
Tolong hilangkan black screen nya ya Soalnya saya tidak bisa melihat apa apa bahkan dunia sama karakternya jadi warna hitam,Negatif
"Untuk quest story(hang out), tolong tambahkan character dari Li yue, seperti keqing,childe dan lain-lain, agar tidak hanya character mondstadt saja.",Positif
"Minimal kasih tombol skip lah. Cuma orang dungu yg bilang ""Ga ada tombol skip = Males baca""",Negatif
